<?xml version="1.0" encoding="UTF-8" standalone="no"?>
<ExtensionManifest Version="6.0" ExtensionBundleId="photographer_toolbox.extension" ExtensionBundleVersion="1.2.0" ExtensionBundleName="photographer_toolbox"
	xmlns:xsi="http://www.w3.org/2001/XMLSchema-instance">
	<ExtensionList>
		<Extension Id="photographer_toolbox.extension" Version="1.2.0" />
	</ExtensionList>
	<ExecutionEnvironment>
		<HostList>
			<Host Name="PHSP" Version="16.0"/>
			<Host Name="PHXS" Version="16.0"/>
		</HostList>
		<LocaleList>
			<Locale Code="All" />
		</LocaleList>
		<RequiredRuntimeList>
			<RequiredRuntime Name="CSXS" Version="6.0" />
		</RequiredRuntimeList>
	</ExecutionEnvironment>
	<DispatchInfoList>
		<Extension Id="photographer_toolbox.extension">
			<DispatchInfo >
				<Resources>
					<MainPath>./index.html</MainPath>
					<ScriptPath>./jsx/hostscript.jsx</ScriptPath>
				</Resources>
				<Lifecycle>
					<AutoVisible>true</AutoVisible>
				</Lifecycle>
				<UI>
					<Type>Panel</Type>
					<Menu>Photographer ToolBox</Menu>
					<Geometry>
						<Size>
							<Height>545</Height>
							<Width>330</Width>
						</Size>
					</Geometry>
					<Icons>
						<Icon Type="Normal">./icons/thumb.png</Icon>
					</Icons>
				</UI>
			</DispatchInfo>
		</Extension>
	</DispatchInfoList>
</ExtensionManifest>
